# Calls ported from the other trigger program, in the shape the
# pack stores them. Generated by tools/port_calls.py; a row edited
# here is gone on the next run. Wording is copied word for word.
394	Odin Valknut (Out)	1	C49		0	0	1	0.0	4.0	0	Out			1		0.0	
733	UCoB Death Sentence	1	26A9		3	0	2	0.0	4.0	0	Death Sentence on {target}!	Death Sentence on {target}		1		0.0	
733	UCoB Flatten	1	26D5		3	0	1	0.0	4.0	0	Flatten on {target}			1		0.0	
733	UCoB Liquid Hell	1	26AD		3	0	1	0.0	4.0	0	Move			1		0.0	
733	UCoB Plummet	1	26A8		3	0	1	0.0	4.0	0	Frontal on {target}			1		0.0	
733	UCoB Twister	1	26AA		3	0	1	0.0	4.0	0	Twister			1		0.0	
777	Uwu Aerial Blast	1	2B55		0	0	0	0.0	4.0	0	Raidwide			1		0.0	
777	Uwu Earthen Fury	1	2B90		0	0	1	0.0	4.0	0	Raidwide			1		0.0	
777	Uwu Flaming Crush	5	75		0	0	1	0.0	4.0	0	Stack on {target}			1		0.0	
777	Uwu Friction	1	2B48		0	0	1	0.0	4.0	0	Stack			1		0.0	
777	Uwu Hellfire	1	2B5E		0	0	0	0.0	4.0	0	Raidwide			1		0.0	
777	Uwu Homing Laser	1	2B7B		0	0	1	0.0	4.0	0	Homing Laser on {target}			1		0.0	
777	Uwu Mistral (Headmark)	5	10		0	1	0	0.0	4.0	0	Mistral on you			1		0.0	
777	Uwu Slipstream (Cleave)	1	2B53		0	0	1	0.0	4.0	0	Slipstream			1		0.0	
777	Uwu Ultima	1	2B8B		0	0	2	0.0	4.0	0	Ultima			1		0.0	
777	Uwu Ultima Laser: Left	1	2B86		0	0	0	0.0	4.0	0	Left Laser			1		0.0	
777	Uwu Ultima Laser: Middle	1	2B84		0	0	0	0.0	4.0	0	Middle Laser			1		0.0	
777	Uwu Ultima Laser: Right	1	2B85		0	0	0	0.0	4.0	0	Right Laser			1		0.0	
1003	P1S Flail: In, Out #1	1	65FA		3	0	1	0.0	4.0	0	In then Out			1		0.0	
1003	P1S Flail: In, Out #2	1	65FB		3	0	1	0.0	4.0	0	In then Out			1		0.0	
1003	P1S Flail: Left, Right	1	65F6		3	0	0	0.0	4.0	0	Left to Right			1		0.0	
1003	P1S Flail: Out, In #1	1	65F8		3	0	1	0.0	4.0	0	Out then In			1		0.0	
1003	P1S Flail: Out, In #2	1	65F9		3	0	1	0.0	4.0	0	Out then In			1		0.0	
1003	P1S Flail: Right, Left	1	65F7		3	0	0	0.0	4.0	0	Right to Left			1		0.0	
1003	P1S Heavy Hand	1	6629		3	0	0	0.0	4.0	0	Tankbuster			1		0.0	
1003	P1S Intemp Bottom First	1	661F		3	0	0	0.0	4.0	0	Bottom First			1		0.0	
1003	P1S Intemp Top First	1	6620		3	0	0	0.0	4.0	0	Top First			1		0.0	
1003	P1S Pitiless Flail of Grace	1	660E		3	0	1	0.0	4.0	0	Buster, Knockback, Stack			1		0.0	
1003	P1S Pitiless Flail of Purgation	1	660F		3	0	1	0.0	4.0	0	Buster, Knockback, Flare			1		0.0	
1003	P1S Purple Shackle	3	AB6		0	1	1	0.0	4.0	0	In			1		0.0	
1003	P1S Purple Shackle 1 (3s)	3	B45		0	1	1	0.0	4.0	0	In 1			1		0.0	
1003	P1S Purple Shackle 2 (8s)	3	B46		0	1	1	0.0	4.0	0	In 2			1		0.0	
1003	P1S Purple Shackle 3 (13s)	3	B47		0	1	1	0.0	4.0	0	In 3			1		0.0	
1003	P1S Purple Shackle 4 (18s)	3	B6B		0	1	1	0.0	4.0	0	In 4			1		0.0	
1003	P1S Red Shackle	3	AB7		0	1	1	0.0	4.0	0	Out			1		0.0	
1003	P1S Red Shackle 1 (3s)	3	B48		0	1	1	0.0	4.0	0	Out 1			1		0.0	
1003	P1S Red Shackle 2 (8s)	3	B49		0	1	1	0.0	4.0	0	Out 2			1		0.0	
1003	P1S Red Shackle 3 (13s)	3	B4A		0	1	1	0.0	4.0	0	Out 3			1		0.0	
1003	P1S Red Shackle 4 (18s)	3	B6C		0	1	1	0.0	4.0	0	Out 4			1		0.0	
1003	P1S Shackles Prep	1	6625		3	0	1	0.0	4.0	0	Shackles			1		0.0	
1003	P1S Shining Cells	1	6616		3	0	0	0.0	4.0	0	Raidwide			1		0.0	
1003	P1S Slam Shut	1	6617		3	0	0	0.0	4.0	0	Raidwide			1		0.0	
1003	P1S Warden's Wrath	1	662A		3	0	0	0.0	4.0	0	Raidwide			1		0.0	
1005	P2S Murky Depths	1	6833		0	0	0	0.0	4.0	0	Raidwide			1		0.0	
1005	P2S Sewage Deluge	1	6810		0	0	0	0.0	4.0	0	Raidwide			1		0.0	
1005	P2S Tainted Flood	1	6838		0	1	0	0.0	4.0	0	Spread			1		0.0	
1007	P3S Darkened Fire	1	66B9		3	0	0	0.0	4.0	0	Partners			1		0.0	
1007	P3S Dead Rebirth	1	66E4		3	0	0	0.0	4.0	0	Big Raidwide			1		0.0	
1007	P3S Divebomb (Middle+Partners)	1	66FC		3	0	1	0.0	4.0	0	Middle and Pairs			1		0.0	
1007	P3S Divebomb (Quickmarch)	1	66FB		3	0	1	0.0	4.0	0	Sides and Spread			1		0.0	
1007	P3S Experimental Ashplume (Light Parties)	1	66C2		3	0	1	0.0	4.0	0	Light Parties			1		0.0	
1007	P3S Experimental Ashplume (Spread)	1	66C4		3	0	1	0.0	4.0	0	Spread			1		0.0	
1007	P3S Experimental Fireplume (Out)	1	66BE		3	0	0	0.0	4.0	0	Middle then Out			1		0.0	
1007	P3S Experimental Fireplume (Shiva)	1	66C0		3	0	0	0.0	4.0	0	Middle then Shiva Circles			1		0.0	
1007	P3S Experimental Gloryplume (Light Parties)	2	66CC		3	0	0	0.0	4.0	0	Light Parties			1		0.0	
1007	P3S Experimental Gloryplume (Out)	1	66C6		3	0	0	0.0	4.0	0	Out			1		0.0	
1007	P3S Experimental Gloryplume (Shiva)	1	66CA		3	0	0	0.0	4.0	0	Shiva Circles			1		0.0	
1007	P3S Experimental Gloryplume (Spread)	2	66C8		3	0	0	0.0	4.0	0	Spread			1		0.0	
1007	P3S Firestorms of Asphodelus	1	66F0		3	0	0	0.0	4.0	0	Big Raidwide			1		0.0	
1007	P3S Heat of Condemnation	1	6700		3	0	1	0.0	4.0	0	Tank Tethers			1		0.0	
1007	P3S Left Wing Bad	1	6703		3	0	1	0.0	4.0	0	Go Right			1		0.0	
1007	P3S Right Wing Bad	1	6702		3	0	1	0.0	4.0	0	Go Left			1		0.0	
1007	P3S Scorched Exaltation	1	6706		3	0	0	0.0	4.0	0	Raidwide			1		0.0	
1009	P4S Searing Stream	1	6A2D		0	0	0	0.0	4.0	0	Raidwide			1		0.0	
1072	EX4 Brittle Boulder	5	16D		0	1	1	0.0	4.0	0	Bait middle then out			1		0.0	
1082	P5S Claw to Tail	1	770E		0	0	0	0.0	4.0	0	Go Back then Front			1		0.0	
1082	P5S Double Rush	1	771B		0	0	1	0.0	4.0	0	Knockback			1		0.0	
1082	P5S Raging Claw	1	76FA		0	0	1	0.0	4.0	0	Go Behind			1		0.0	
1082	P5S Ruby Glow	1	76F3		0	0	0	0.0	4.0	0	Raidwide			1		0.0	
1082	P5S Searing Ray #1	1	76D7		0	0	1	0.0	4.0	0	Go Front			1		0.0	
1082	P5S Searing Ray #2	1	76F7		0	0	1	0.0	4.0	0	Go Front			1		0.0	
1082	P5S Searing Ray Reflected	1	7657		0	0	1	0.0	4.0	0	Go Front			1		0.0	
1082	P5S Sonic Howl	1	7720		0	0	0	0.0	4.0	0	Raidwide			1		0.0	
1082	P5S Tail to Claw	1	7712		0	0	0	0.0	4.0	0	Go Front then Back			1		0.0	
1082	P5S Toxic Crunch	1	784A		0	0	0	0.0	4.0	0	Tankbuster on MT			1		0.0	
1082	P5S Venom Squall	1	7716		0	0	0	0.0	4.0	0	Spread then Bait then Light Parties			1		0.0	
1082	P5S Venom Surge	1	7717		0	0	0	0.0	4.0	0	Light Parties then Bait then Spread			1		0.0	
1082	P5S Venomous Mass	1	771D		0	0	0	0.0	4.0	0	Tankbuster with Bleed			1		0.0	
1084	P6S Chelic Synergy	1	788A		0	0	1	0.0	4.0	0	Buster with Bleed			1		0.0	
1084	P6S Dark Ashes	1	788D		0	0	1	0.0	4.0	0	Spread			1		0.0	
1084	P6S Dark Sphere	1	788F		0	0	1	0.0	4.0	0	Spread to Safe Spots			1		0.0	
1084	P6S Hemitheos's Dark IV	1	7860		0	0	0	0.0	4.0	0	Raidwide			1		0.0	
1084	P6S Synergy	1	7887		0	0	1	0.0	4.0	0	Tankbuster			1		0.0	
1086	P7S Blades of Attis	1	782E		0	0	1	0.0	4.0	0	Exaflare			1		0.0	
1086	P7S Bough of Attis Attack Close	1	7821		0	0	1	0.0	4.0	0	Go Far			1		0.0	
1086	P7S Bough of Attis Attack Far	1	7826		0	0	1	0.0	4.0	0	Get Close			1		0.0	
1086	P7S Bough of Attis Attack Left	1	7823		0	0	1	0.0	4.0	0	Go Right			1		0.0	
1086	P7S Bough of Attis Attack Right	1	7824		0	0	1	0.0	4.0	0	Go Left			1		0.0	
1086	P7S Condensed Aero II	1	7836		0	0	1	0.0	4.0	0	Tank Stack			1		0.0	
1086	P7S Death's Harvest	1	7A50		0	0	1	0.0	4.0	0	Death			1		0.0	
1086	P7S Dispersed Aero II	1	7835		0	0	1	0.0	4.0	0	Tank Spread			1		0.0	
1086	P7S Famine's Harvest	1	7A4F		0	0	1	0.0	4.0	0	Famine			1		0.0	
1086	P7S Light of Life (Enrage)	1	783F		0	0	1	0.0	4.0	0	Enrage			1		0.0	
1086	P7S Spark of Life	1	7839		0	0	0	0.0	4.0	0	Raidwide with Bleed			1		0.0	
1086	P7S War's Harvest	1	7A51		0	0	1	0.0	4.0	0	War			1		0.0	
1087	P8N Ektothermos	1	78FE		0	0	0	0.0	4.0	0	Raidwide			1		0.0	
1087	P8N Flameviper	1	7908		0	0	0	0.0	4.0	0	Tankbuster on {target}			1		0.0	
1087	P8N Genesis Of Flame	1	7905		0	0	0	0.0	4.0	0	Raidwide			1		0.0	
1087	P8N Hemitheos's Flare	1	7906		0	0	1	0.0	4.0	0	Spread			1		0.0	
1087	P8N Rearing Rampage	1	79AB		0	0	0	0.0	4.0	0	Raidwide			1		0.0	
1087	P8N Reforged Reflection Quadruped	1	794B		0	0	1	0.0	4.0	0	Quadruped			1		0.0	
1087	P8N Reforged Reflection Serpent	1	794C		0	0	1	0.0	4.0	0	Serpent			1		0.0	
1087	P8N Sunforge Phoenix	1	78ED		0	0	1	0.0	4.0	0	In			1		0.0	
1087	P8N Sunforge Serpent	1	78EC		0	0	1	0.0	4.0	0	Out			1		0.0	
1088	P8S Quadruped Form	1	794B		0	0	1	0.0	4.0	0	Quadruped Form, Knockback Soon			1		0.0	
1088	P8S Quadruped: Initial Crush	1	7A05		0	0	0	0.0	4.0	0	Away From Boss Facing			1		0.0	
1088	P8S Quadruped: Initial Impact	1	7A04		0	0	0	0.0	4.0	0	Towards Boss Facing			1		0.0	
1088	P8S2 Aionagonia	1	7A22		0	0	1	0.0	4.0	0	Raidwide with Bleed			1		0.0	
1088	P8S2 Aioniopyr	1	79DF		0	0	0	0.0	4.0	0	Raidwide with Bleed			1		0.0	
1088	P8S2 Dominion: Initial	1	79D9		0	0	1	0.0	4.0	0	Spread for Dominion			1		0.0	
1088	P8S2 HC2: Prey	3	D14		0	1	0	0.0	4.0	0	Move			1		0.0	
1088	P8S2 Limitless Desolation: Start	1	75ED		0	0	1	0.0	4.0	0	Spread			1		0.0	
1088	P8S2 Tyrant's Unholy Darkness #1	1	79DD		0	0	1	0.0	4.0	0	Split Buster			1		0.0	
1088	P8S2 Tyrant's Unholy Darkness #2	1	79DE		0	0	1	0.0	4.0	0	Split Buster			1		0.0	
1096	EX5 Arch Inferno	1	7CF9		3	0	1	0.0	4.0	0	Light parties			1		0.0	
1096	EX5 Blazing Rapture	1	7D07		3	0	0	0.0	4.0	0	Heavy raidwide			1		0.0	
1096	EX5 Dualfire	1	7D2E		3	0	0	0.0	4.0	0	Double buster			1		0.0	
1096	EX5 Inferno	1	7D2C		3	0	0	0.0	4.0	0	Raidwide			1		0.0	
1096	EX5 Inferno: Spread	1	7D0F		3	0	0	0.0	4.0	0	Spread with bleed			1		0.0	
1096	EX5 Radial Flagration	1	7CFE		3	0	1	0.0	4.0	0	Proteans			1		0.0	
1096	EX5 Scalding Ring	1	7D25		3	0	1	0.0	4.0	0	In, spread			1		0.0	
1096	EX5 Scalding Signal	1	7D24		3	0	1	0.0	4.0	0	Out, spread			1		0.0	
1096	EX5 Shattering Heat	1	7D2D		3	0	0	0.0	4.0	0	Buster on {target}			1		0.0	
1096	EX5 Sweeping Immolation: Spread	1	7D20		3	0	1	0.0	4.0	0	Behind and Spread			1		0.0	
1096	EX5 Sweeping Immolation: Stack	1	7D21		3	0	0	0.0	4.0	0	Behind and Stack			1		0.0	
1122	OmegaUltimate Blind Faith	1	7B87		3	0	1	0.0	4.0	0	Raidwide and Knockback			1		0.0	
1122	OmegaUltimate Blue Screen	1	7B7B		3	0	1	0.0	4.0	0	Heavy Raidwide			1		0.0	
1122	OmegaUltimate Check M/F Sword/Shield	1	7B3F		0	0	1	0.0	4.0	0	If the callouts below do not work, make sure your OverlayPlugin is at least version 0.19.14.			1		0.0	
1122	OmegaUltimate Cosmo Arrow	1	7BA2		3	0	1	0.0	4.0	0	Exasquares			1		0.0	
1122	OmegaUltimate Cosmo Memory	1	7B22		3	0	0	0.0	4.0	0	Raidwide			1		0.0	
1122	OmegaUltimate Cosmo Memory (P6)	1	7BA1		3	0	2	0.0	4.0	0	Raidwide			1		0.0	
1122	OmegaUltimate Cosmo Meteor Cast	1	7BB0		0	0	1	0.0	4.0	0	Bait Middle then Out			1		0.0	
1122	OmegaUltimate Critical Error	1	7B64		3	0	1	0.0	4.0	0	Raidwide			1		0.0	
1122	OmegaUltimate Hello World: Initial Cast	1	7B55		0	0	1	0.0	4.0	0	Raidwide			1		0.0	
1122	OmegaUltimate Limitless Synergy	1	7B38		0	0	1	0.0	4.0	0	Limitless Synergy			1		0.0	
1122	OmegaUltimate P6 Enrage	1	7BA0		3	0	1	0.0	4.0	0	Enrage			1		0.0	
1122	OmegaUltimate Packet Filter F	3	DAC		0	1	0	0.0	4.0	0	Attack M			1		0.0	
1122	OmegaUltimate Packet Filter M	3	DAB		0	1	0	0.0	4.0	0	Attack F			1		0.0	
1122	OmegaUltimate Run Dynamis Delta	1	7B88		0	0	1	0.0	4.0	0	Raidwide			1		0.0	
1122	OmegaUltimate Run Dynamis Omega	1	8015		0	0	1	0.0	4.0	0	Raidwide			1		0.0	
1122	OmegaUltimate Run Dynamis Sigma	1	8014		0	0	1	0.0	4.0	0	Raidwide			1		0.0	
1122	OmegaUltimate Solar Ray	1	81AC		3	0	1	0.0	4.0	0	Buster on {target}			1		0.0	
1122	OmegaUltimate Unlimited Wave Cannon	1	7BAC		3	0	0	0.0	4.0	0	Exaflares			1		0.0	
1122	OmegaUltimate Wave Cannon Spread (P6)	1	7BA9		0	0	1	0.0	4.0	0	Spread			1		0.0	
1141	EX6 Abyssal Quasar	1	84AB		3	0	1	0.0	4.0	0	Partners			1		1.0	
1141	EX6 Binding Cold	1	84B3		3	0	0	0.0	4.0	0	Raidwide with DoT			1		0.0	
1141	EX6 Eventide Fall	1	8484		3	0	1	0.0	4.0	0	Light Parties			1		0.0	
1141	EX6 Eventide Triad	1	8480		3	0	1	0.0	4.0	0	Role Cleaves			1		0.0	
1141	EX6 Flames of Eventide #1	2	8478		3	0	1	0.0	4.0	0	Cleave Busters			1		0.0	
1141	EX6 Flames of Eventide #2	2	8479		3	0	1	0.0	4.0	0	Cleave Busters			1		0.0	
1141	EX6 Immolating Shade	1	8496		3	0	1	0.0	4.0	0	Healer Stacks			1		1.0	
1141	EX6 Lingering Spark (Wait)	1	8468		0	0	1	0.0	4.0	0	Twister			1		0.0	
1141	EX6 Phases of the Blade	1	86DB		0	0	1	0.0	4.0	0	Back then Front			1		0.0	
1141	EX6 Void Aero III	1	845C		3	0	1	0.0	4.0	0	Partners			1		1.0	
1141	EX6 Void Blizzard III	1	8462		3	0	1	0.0	4.0	0	Healer Stacks			1		1.0	
1141	EX6 Void Meteor #1	1	84AD		3	0	1	0.0	4.0	0	Buster, Multiple Hits			1		0.0	
1141	EX6 Void Meteor #2	1	8471		3	0	0	0.0	4.0	0	Raidwide, Multiple Hits			1		0.0	
1147	P9N Archaic Demolish	1	812F		3	0	1	0.0	4.0	0	Healer stacks			1		0.2	
1147	P9N Archaic Rockbreaker	1	8128		3	0	1	0.0	4.0	0	Knockback, then avoid fissures			1		0.0	
1147	P9N Ascendant Fist	1	8131		3	0	0	0.0	4.0	0	Tankbuster			1		0.0	
1147	P9N Beastly Roar	1	8138		3	0	1	0.0	4.0	0	Knockback			1		0.0	
1147	P9N Burst	1	8143		3	0	1	0.0	4.0	0	Away from meteor			1		0.0	
1147	P9N Charybdis	1	8132		3	0	1	0.0	4.0	0	AOEs with puddles			1		0.2	
1147	P9N Comet	1	8134		3	0	1	0.0	4.0	0	Proximity			1		0.0	
1147	P9N Dualspell	1	811D		3	0	1	0.0	4.0	0	Donut and AOEs			1		0.0	
1147	P9N Ecliptic Meteor	1	813B		3	0	0	0.0	4.0	0	Hide behind normal meteor			1		0.0	
1147	P9N Fire Augment	2	8122		0	0	1	0.0	4.0	0	Enhanced fire			1		0.0	
1147	P9N Front Combination	1	8147		3	0	1	0.0	4.0	0	Out, go behind			1		0.0	
1147	P9N Global Spell	1	8141		3	0	0	0.0	4.0	0	Raidwide with bleed			1		0.0	
1147	P9N Gluttonous Rampage	1	8139		3	0	1	0.0	4.0	0	Tank Tethers then proximity			1		10.0	
1147	P9N Gluttony's Augar	1	8117		3	0	1	0.0	4.0	0	Raidwide			1		0.0	
1147	P9N Ice Augment	2	8123		0	0	1	0.0	4.0	0	Enhanced ice			1		0.0	
1147	P9N Pulverizing Pounce	1	813F		3	0	1	0.0	4.0	0	Stack			1		0.0	
1147	P9N Rear Combination	1	814A		3	0	1	0.0	4.0	0	Donut, go front			1		0.0	
1148	P9S Archaic Demolish	1	816D		3	0	1	0.0	4.0	0	Light Parties			1		0.0	
1148	P9S Archaic Rockbreaker	1	815F		3	0	0	0.0	4.0	0	Knockback			1		0.0	
1148	P9S Archaic Rockbreaker: Front+Out then In #1	1	8169		3	0	1	0.0	4.0	0	Out, Front, then In			1		0.0	
1148	P9S Archaic Rockbreaker: Front+Out then In #2	1	816A		3	0	1	0.0	4.0	0	In, Front, then Out			1		0.0	
1148	P9S Archaic Rockbreaker: Rear+In then Out	1	8168		3	0	1	0.0	4.0	0	In, Rear, then Out			1		0.0	
1148	P9S Archaic Rockbreaker: Rear+Out then In	1	8167		3	0	1	0.0	4.0	0	Out, Rear, then In			1		0.0	
1148	P9S Ascendant Fist	1	816F		3	0	1	0.0	4.0	0	Tankbuster			1		0.0	
1148	P9S Beatly Fury	1	8186		3	0	0	0.0	4.0	0	Raidwide			1		0.0	
1148	P9S Charybdis: Wait Middle	1	8170		0	0	1	0.0	4.0	0	Wait Middle			1		0.0	
1148	P9S Duality of Death	1	8151		3	0	0	0.0	4.0	0	Tankbuster			1		0.0	
1148	P9S Gluttnoy's Augur	1	814C		3	0	0	0.0	4.0	0	Raidwide			1		0.0	
1148	P9S Ravening #1	2	8118		3	0	0	0.0	4.0	0	Raidwide			1		0.0	
1148	P9S Ravening #2	2	8119		3	0	0	0.0	4.0	0	Raidwide			1		0.0	
1148	P9S Ravening #3	2	811A		3	0	0	0.0	4.0	0	Raidwide			1		0.0	
1148	P9S Ravening #4	2	817B		3	0	0	0.0	4.0	0	Raidwide			1		0.0	
1149	P10N Cannonspawn	1	8264		3	0	0	0.0	4.0	0	Under towers			1		0.1	
1149	P10N Entangling Web	1	8721		3	0	1	0.0	4.0	0	Bait AOEs			1		0.0	
1149	P10N Harrowing Hell	1	826A		3	0	0	0.0	4.0	0	Heavy raidwides			1		0.0	
1149	P10N Imprisonment	1	8262		3	0	0	0.0	4.0	0	Away from towers			1		0.1	
1149	P10N Pandu00e6moniac Pillars	1	825D		3	0	0	0.0	4.0	0	Soak towers			1		0.0	
1149	P10N Pandu00e6moniac Ray: East hit	1	8267		3	0	0	0.0	4.0	0	West safe			1		0.0	
1149	P10N Pandu00e6moniac Ray: West hit	1	8265		3	0	0	0.0	4.0	0	East safe			1		0.0	
1149	P10N Pandu00e6monic Meltdown	1	8276		3	0	1	0.0	4.0	0	Stack			1		0.0	
1149	P10N Parted Plumes	1	8270		3	0	1	0.0	4.0	0	Out of middle			1		0.0	
1149	P10N Silkspit	1	8259		3	0	1	0.0	4.0	0	Spread AOEs			1		0.0	
1149	P10N Soul Grasp	1	8278		3	0	1	0.0	4.0	0	Tank stack			1		0.0	
1149	P10N Touchdown	1	8268		3	0	1	0.0	4.0	0	Move to side arenas			1		0.0	
1149	P10N Ultima	1	827B		3	0	0	0.0	4.0	0	Raidwide with bleed			1		0.0	
1149	P10N Wicked Step	1	8272		3	0	0	0.0	4.0	0	Tank towers			1		0.0	
1150	P10S Circles of Panda	1	82A7		3	0	1	0.0	4.0	0	In			1		0.0	
1150	P10S Harrowing Hell	1	828F		0	0	1	0.0	4.0	0	Heavy Raidwides, Tanks in Front			1		0.0	
1150	P10S Panda Holy	1	82A6		3	0	1	0.0	4.0	0	Out			1		0.0	
1150	P10S Parted Plumes	1	8295		3	0	1	0.0	4.0	0	Spin			1		0.0	
1150	P10S Silkspit: Cast	1	827C		3	0	0	0.0	4.0	0	Spread Soon			1		0.0	
1150	P10S Soul Grasp	1	829F		3	0	1	0.0	4.0	0	Tank Stack, Multiple Hits			1		0.0	
1150	P10S Ultima	1	82A5		3	0	0	0.0	4.0	0	Raidwide with Bleed			1		0.0	
1150	P10S Wicked Step	1	829A		3	0	1	0.0	4.0	0	Tank Towers with Knockback			1		0.0	
1152	P11S Arcane Revelation: Dark Safe #1	1	820D		3	0	1	0.0	4.0	0	Dark Safe			1		0.0	
1152	P11S Arcane Revelation: Dark Safe #2	1	820F		3	0	1	0.0	4.0	0	Dark Safe			1		0.0	
1152	P11S Arcane Revelation: Light Safe #1	1	820E		3	0	1	0.0	4.0	0	Light Safe			1		0.0	
1152	P11S Arcane Revelation: Light Safe #2	1	8210		3	0	1	0.0	4.0	0	Light Safe			1		0.0	
1152	P11S Dike	1	822D		3	0	1	0.0	4.0	0	Tankbuster			1		0.0	
1152	P11S Dismissal Overruling: KB/In/Buddies	1	8785		3	0	1	0.0	4.0	0	Knockback, In, Buddies			1		0.0	
1152	P11S Dismissal Overruling: KB/Out/Light Parties	1	8784		3	0	1	0.0	4.0	0	Knockback, Out, Light Parties			1		0.0	
1152	P11S Divisive Overruling: Sides then Buddies In	1	81ED		3	0	1	0.0	4.0	0	Sides then Buddies In			1		0.0	
1152	P11S Divisive Overruling: Sides then LP Out	1	81EC		3	0	1	0.0	4.0	0	Sides then Light Parties Out			1		0.0	
1152	P11S Divisive Ruling: Sides, In, Buddies (During Other Mechs)	1	87B4		3	0	1	0.0	4.0	0	Sides then In and Buddies			1		0.0	
1152	P11S Divisive Ruling: Sides, Out, Light Parties (During Other Mechs)	1	87B3		3	0	1	0.0	4.0	0	Sides and Light Parties			1		0.0	
1152	P11S Eunomia	1	822B		3	0	0	0.0	4.0	0	Raidwide with Bleed			1		0.0	
1152	P11S Jury Overruling: Proteans then Buddies	1	81E7		3	0	1	0.0	4.0	0	Proteans then Buddies Out			1		0.0	
1152	P11S Jury Overruling: Twisters then Light Parties In	1	81E6		3	0	1	0.0	4.0	0	Twisters then Light Parties			1		0.0	
1152	P11S Styx	1	8217		3	0	0	0.0	4.0	0	Party Stack, Multiple Hits			1		0.0	
1152	P11S Twofold Revelation: Dark Safe	1	8211		3	0	1	0.0	4.0	0	Dark Safe			1		0.0	
1152	P11S Twofold Revelation: Light Safe	1	8212		3	0	1	0.0	4.0	0	Light Safe			1		0.0	
1152	P11S Upheld Overruling: Stack then Light Parties	1	87D3		3	0	1	0.0	4.0	0	Stack then Light Parties Out			1		0.0	
1152	P11S Upheld Overruling: Tanks In then Buddies In	1	87D4		3	0	0	0.0	4.0	0	Tanks In then Buddies In			1		0.0	
1154	P12SDoorBoss Apodialogos	1	82FE		3	0	0	0.0	4.0	0	Party In, Tanks Out			1		0.0	
1154	P12SDoorBoss Glaukopis	1	82FC		3	0	0	0.0	4.0	0	Tank Buster			1		0.0	
1154	P12SDoorBoss On the Soul	1	8304		3	0	0	0.0	4.0	0	Raidwide			1		0.0	
1154	P12SDoorBoss Peridialogos	1	82FF		3	0	0	0.0	4.0	0	Party Stack Out, Tanks In			1		0.0	
1154	P12SDoorBoss Theos's Ultima	1	82FA		3	0	1	0.0	4.0	0	Big Raidwide			1		0.0	
1154	P12SDoorBoss Ultima Blade	2	82F3		3	0	1	0.0	4.0	0	Big Raidwide			1		0.0	
1154	P12SFinal Crush Helm	1	8317		3	0	1	0.0	4.0	0	Tankbuster, Multiple Hits			1		0.0	
1154	P12SFinal Ekpyrosis Start	1	831E		0	0	1	0.0	4.0	0	Exaflares			1		0.0	
1154	P12SFinal Gaiaochos	1	8326		3	0	1	0.0	4.0	0	Get In, Raidwide			1		0.0	
1154	P12SFinal Ignorabimus	1	8349		3	0	1	0.0	4.0	0	Enrage			1		0.0	
1154	P12SFinal Palladian Grasp	1	831A		3	0	0	0.0	4.0	0	Tankbuster			1		0.0	
1154	P12SFinal Pangenesis: Raidwide	1	833F		0	0	1	0.0	4.0	0	Raidwide			1		0.0	
1154	P12SFinal Ultima #1	1	8682		3	0	1	0.0	4.0	0	Raidwide			1		0.0	
1154	P12SFinal Ultima #2	1	86F6		3	0	1	0.0	4.0	0	Raidwide			1		0.0	
1169	EX7 Abyssal Nox Cast	1	8B3F		0	0	1	0.0	4.0	0	Heal to Full Soon			1		0.0	
1169	EX7 Big Bang - Spread	1	8B4C		0	0	0	0.0	4.0	0	Spread, Watch Floor			1		0.0	
1169	EX7 Dark Matter	1	8B83		3	0	1	0.0	4.0	0	Buster - 3 Hits			1		0.0	
1169	EX7 Meteors - Stack Middle	1	8B57		0	0	1	0.0	4.0	0	Stack Middle			1		0.0	
1169	EX7 Rend the Rift	1	8C0D		3	0	0	0.0	4.0	0	Avoid Ground AoE			1		0.0	
1169	EX7 Sable Thread	1	8B38		3	0	1	0.0	4.0	0	Line Stack - Multiple Hits			1		0.0	
1169	EX7 Void Bio	1	8B66		3	0	1	0.0	4.0	0	Dodge Balls			1		0.0	
1196	DTEx1 Cone+Buddies	1	8FC7		3	0	0	0.0	4.0	0	Front Corners and Partners			1		0.0	
1196	DTEx1 Cone+Twister	1	8FC5		3	0	0	0.0	4.0	0	Front Corners and Bait Twister			1		0.0	
1196	DTEx1 Crackling Cataclysm	1	8FC1		3	0	2	0.0	4.0	0	Move			1		3.0	
1196	DTEx1 Disaster Zone #1	1	8FD6		3	0	1	0.0	4.0	0	Raidwide			1		0.0	
1196	DTEx1 Disaster Zone #2	1	8FD8		3	0	1	0.0	4.0	0	Raidwide			1		0.0	
1196	DTEx1 Disaster Zone #3	1	8FDA		3	0	1	0.0	4.0	0	Raidwide			1		0.0	
1196	DTEx1 Eruption: Move	2	8FEF		3	0	1	0.0	4.0	0	Move			1		0.2	
1196	DTEx1 Freezing Dust	1	8FF0		3	0	1	0.0	4.0	0	Move			1		0.0	
1196	DTEx1 In Middle+Buddies	1	8FCF		3	0	0	0.0	4.0	0	Middle and Partners			1		0.0	
1196	DTEx1 In Middle+Twister	1	8FCD		3	0	0	0.0	4.0	0	Middle and Bait Twister			1		0.0	
1196	DTEx1 Mountain Fire Initial	1	900C		0	0	1	0.0	4.0	0	Tank Tower and Cleaves			1		0.0	
1196	DTEx1 Out+Buddies	1	8FCB		3	0	0	0.0	4.0	0	Out and Partners			1		0.0	
1196	DTEx1 Out+Twister	1	8FC9		3	0	0	0.0	4.0	0	Out and Bait Twister			1		0.0	
1196	DTEx1 Ruin Foretold	1	9692		3	0	0	0.0	4.0	0	Raidwide			1		0.0	
1196	DTEx1 Skyruin (Fire)	1	95C4		3	0	0	0.0	4.0	0	Raidwide with Bleed			1		0.0	
1196	DTEx1 Skyruin (Ice)	1	8FD1		3	0	0	0.0	4.0	0	Raidwide with Bleed			1		0.0	
1196	DTEx1 Skyruin (Lightning)	1	95C3		3	0	0	0.0	4.0	0	Raidwide with Bleed			1		0.0	
1196	DTEx1 Triscourge	1	8FE7		3	0	0	0.0	4.0	0	Raidwide			1		0.0	
1196	DTEx1 Tulidisaster	1	9008		3	0	0	0.0	4.0	0	Multiple Raidwides			1		0.0	
1196	DTEx1 Wrath Unfurled	1	995		3	0	1	0.0	4.0	0	Raidwide			1		0.0	
1201	DTEx2 Actualize	1	9398		3	0	0	0.0	4.0	0	Raidwide			1		0.0	
1201	DTEx2 Bitter Whirlwind	1	993E		3	0	1	0.0	4.0	0	Buster on {target}			1		0.0	
1201	DTEx2 Burning Chains Initial	1	9395		0	0	1	0.0	4.0	0	Stack			1		0.0	
1201	DTEx2 Dawn of an Age	1	9397		3	0	0	0.0	4.0	0	Raidwide			1		0.0	
1201	DTEx2 Duty's Edge	1	9374		3	0	1	0.0	4.0	0	Stack - Multiple Hits			1		0.0	
1201	DTEx2 Forged Track	1	939C		3	0	1	0.0	4.0	0	Watch Swords and Tracks			1		5.0	
1201	DTEx2 Greater Gateway	1	9381		3	0	1	0.0	4.0	0	Watch Tracks			1		0.0	
1201	DTEx2 Multidirectional Divide	1	93A2		3	0	1	0.0	4.0	0	Cross			1		0.0	
1201	DTEx2 Projection of Triumph	1	938A		3	0	1	0.0	4.0	0	Avoid Balls, Follow Donuts			1		15.0	
1201	DTEx2 Projection of Turmoil	1	9A88		3	0	1	0.0	4.0	0	Take Stacks Sequentially			1		0.0	
1201	DTEx2 Regicidal Rage	1	993B		3	0	0	0.0	4.0	0	Tank Tethers			1		0.0	
1201	DTEx2 Sync	1	9359		3	0	1	0.0	4.0	0	Swords Mirroring			1		0.0	
1201	DTEx2 Vollok (Five Platforms)	1	9357		3	0	1	0.0	4.0	0	Watch Swords			1		0.0	
1201	DTEx2 Vollok (Two Platforms)	1	9392		3	0	1	0.0	4.0	0	Watch Swords			1		0.0	
1225	M1N Black Cat Crossing: Card safe	1	930F		3	0	1	0.0	4.0	0	Cardinals then intercardinals			1		0.0	
1225	M1N Leaping Black Cat Crossing: Card safe	1	9329		3	0	1	0.0	4.0	0	Cardinal then inter			1		0.0	
1225	M1N Leaping Black Cat Crossing: Inter safe	1	9810		3	0	1	0.0	4.0	0	Inter then Cardinal			1		0.0	
1225	M1N Leaping One-Two Paw: East safe #1	1	9320		3	0	0	0.0	4.0	0	East then West			1		0.0	
1225	M1N Leaping One-Two Paw: East safe #2	1	9322		3	0	0	0.0	4.0	0	East then West			1		0.0	
1225	M1N Leaping One-Two Paw: West safe #1	1	9321		3	0	0	0.0	4.0	0	West then East			1		0.0	
1225	M1N Leaping One-Two Paw: West safe #2	1	931F		3	0	0	0.0	4.0	0	West then East			1		0.0	
1225	M1N One-Two Paw: East safe	1	930C		3	0	1	0.0	4.0	0	East then West			1		0.0	
1225	M1N One-Two Paw: West safe	1	9309		3	0	1	0.0	4.0	0	West then East			1		0.0	
1226	M1S Biscuit Maker	1	9495		3	0	0	0.0	4.0	0	Tankbuster on {target}			1		0.0	
1226	M1S Bloody Scratch	1	9494		3	0	0	0.0	4.0	0	Raidwide			1		0.0	
1226	M1S Double Swipe #1	1	945F		0	0	0	0.0	4.0	0	Light Parties			1		0.0	
1226	M1S Double Swipe #2	1	9481		0	0	1	0.0	4.0	0	Light Parties			1		0.0	
1226	M1S Predaceous Pounce	1	9AD3		3	0	1	0.0	4.0	0	Watch Pounces			1		5.0	
1226	M1S Quad Swipe #1	1	945D		0	0	0	0.0	4.0	0	Partners			1		0.0	
1226	M1S Quad Swipe #2	1	947F		0	0	1	0.0	4.0	0	Partners			1		0.0	
1226	M1S Quadruple Crossing - Initial	1	943C		0	0	1	0.0	4.0	0	Quadruple Crossing			1		0.0	
1226	M1S Quadruple Crossing - Leaping Left	1	9457		0	0	0	0.0	4.0	0	Quadruple Crossing - Leaping Left			1		0.0	
1226	M1S Quadruple Crossing - Leaping Right	1	982F		0	0	0	0.0	4.0	0	Quadruple Crossing - Leaping Right			1		0.0	
1226	M1S Raining Cats #1	1	9ABB		3	0	1	0.0	4.0	0	Tethers and Stacks			1		0.0	
1226	M1S Raining Cats #2	1	9ABC		3	0	1	0.0	4.0	0	Tethers and Stacks			1		0.0	
1226	M1S Shockwave	1	944C		0	0	1	0.0	4.0	0	Knockback into Spread			1		0.0	
1226	M1S Tempestuous Tear: East, In First	1	9471		0	0	1	0.0	4.0	0	Party Stacks - East, In First			1		0.0	
1226	M1S Tempestuous Tear: East, Out First	1	946F		0	0	1	0.0	4.0	0	Party Stacks - East, Out First			1		0.0	
1226	M1S Tempestuous Tear: West, In First	1	9470		0	0	1	0.0	4.0	0	Party Stacks - West, In First			1		0.0	
1226	M1S Tempestuous Tear: West, Out First	1	9472		0	0	1	0.0	4.0	0	Party Stacks - West, Out First			1		0.0	
1228	M2S Bee Sting	1	91A9		3	0	1	0.0	4.0	0	Light Parties			1		0.1	
1228	M2S Beeline: Initial #1	1	9186		0	0	0	0.0	4.0	0	Out of Middle			1		0.0	
1228	M2S Beeline: Initial #2	1	9B0C		0	0	0	0.0	4.0	0	Out of Middle			1		0.0	
1228	M2S Call Me Honey	1	9183		3	0	0	0.0	4.0	0	Raidwide			1		0.0	
1228	M2S Center/Outer Stage: In+Intercards	1	91AC		0	0	0	0.0	4.0	0	In+Intercards	In and Intercards		1		0.0	
1228	M2S Center/Outer Stage: Out+Cardinals	1	91AD		0	0	0	0.0	4.0	0	Out+Cardinals	Out and Cardinals		1		0.0	
1228	M2S Honey B. Finale	1	918F		3	0	0	0.0	4.0	0	Raidwide			1		0.0	
1228	M2S Honey B. Live: 1st Beat	1	9C24		0	0	0	0.0	4.0	0	Raidwide			1		0.0	
1228	M2S Honey B. Live: 2nd Beat	1	9C25		0	0	0	0.0	4.0	0	Raidwide			1		0.0	
1228	M2S Honey B. Live: 3rd Beat	1	9C26		0	0	0	0.0	4.0	0	Raidwide			1		0.0	
1228	M2S Killer Sting	1	919C		3	0	1	0.0	4.0	0	Tank Stack			1		0.0	
1228	M2S Loveseeker	1	9B7E		3	0	1	0.0	4.0	0	Out			1		0.0	
1228	M2S Poison: Spread (Stocked) #1	1	9184		0	0	0	0.0	4.0	0	Spread Later			1		0.0	
1228	M2S Poison: Spread (Stocked) #2	1	9B08		0	0	0	0.0	4.0	0	Spread Later			1		0.0	
1228	M2S Poison: Stack (Stocked) #1	1	9185		0	0	0	0.0	4.0	0	Buddy Later			1		0.0	
1228	M2S Poison: Stack (Stocked) #2	1	9B09		0	0	0	0.0	4.0	0	Buddy Later			1		0.0	
1228	M2S Rotten Heart: Initial	1	91AA		0	0	0	0.0	4.0	0	Raidwide			1		0.0	
1228	M2S Sheer Heart Attack	1	91B7		3	0	1	0.0	4.0	0	Enrage			1		0.0	
1228	M2S Stinging Slash	1	919B		3	0	1	0.0	4.0	0	Tank Cleaves			1		0.0	
1228	M2S Tempting Twist: Initial #1	1	9187		0	0	0	0.0	4.0	0	In			1		0.0	
1228	M2S Tempting Twist: Initial #2	1	9B0D		0	0	0	0.0	4.0	0	In			1		0.0	
1229	M3N Brutal Lariat: East safe	1	9AD4		3	0	1	0.0	4.0	0	East			1		0.0	
1229	M3N Brutal Lariat: West safe	1	9AD5		3	0	1	0.0	4.0	0	West			1		0.0	
1229	M3N Lariat Combo: East safe	1	9ADD		3	0	0	0.0	4.0	0	East, stay east			1		0.0	
1229	M3N Lariat Combo: East then west	1	9ADC		3	0	0	0.0	4.0	0	East then West			1		0.0	
1229	M3N Lariat Combo: West safe	1	9ADF		3	0	0	0.0	4.0	0	West, stay west			1		0.0	
1229	M3N Lariat Combo: West then east	1	9ADE		3	0	0	0.0	4.0	0	West then East			1		0.0	
1230	M3S Brutal Impact	1	9425		3	0	0	0.0	4.0	0	Raidwide - Multi Hit			1		0.0	
1230	M3S Fuse Field: Initial	1	93EE		0	0	1	0.0	4.0	0	Pop Fuses Sequentially			1		0.0	
1230	M3S Fuse or Foe: Initial	1	9403		0	0	1	0.0	4.0	0	Spinning			1		0.0	
1230	M3S Knuckle Sandwich	1	9423		3	0	1	0.0	4.0	0	Tank Buster - Multi Hit			1		0.0	
1230	M3S Octoboom Bombarian Special	1	9752		0	0	1	0.0	4.0	0	Multiple Raidwides			1		0.0	
1230	M3S Octuple Lariat In	1	93E9		3	0	1	0.0	4.0	0	In and Spread			1		0.0	
1230	M3S Octuple Lariat Out	1	93E8		3	0	1	0.0	4.0	0	Out and Spread			1		0.0	
1230	M3S Quadroboom Bombarian Special	1	940A		0	0	1	0.0	4.0	0	Multiple Raidwides			1		0.0	
1230	M3S Quadroboom Dive (KB) #1	1	93F6		3	0	1	0.0	4.0	0	Knockback into Role Pairs			1		0.0	
1230	M3S Quadroboom Dive (KB) #2	1	93ED		3	0	1	0.0	4.0	0	Knockback into Spreads			1		0.0	
1230	M3S Quadroboom Dive (Out) #1	1	93F5		3	0	1	0.0	4.0	0	Out into Role Pairs			1		0.0	
1230	M3S Quadroboom Dive (Out) #2	1	93EC		3	0	1	0.0	4.0	0	Out into Spreads			1		0.0	
1230	M3S Quadruple Lariat In	1	93EB		3	0	1	0.0	4.0	0	In and Partners			1		0.0	
1230	M3S Quadruple Lariat Out	1	93EA		3	0	1	0.0	4.0	0	Out and Partners			1		0.0	
1230	M3S Special Bombarian Special	1	942B		3	0	1	0.0	4.0	0	Multiple Raidwides			1		0.0	
1231	M4N Sidewise Spark: East safe #1	1	92BD		3	0	0	0.0	4.0	0	East safe			1		0.0	
1231	M4N Sidewise Spark: East safe #2	1	92BF		3	0	0	0.0	4.0	0	East safe			1		0.0	
1231	M4N Sidewise Spark: West safe #1	1	92BC		3	0	0	0.0	4.0	0	West safe			1		0.0	
1231	M4N Sidewise Spark: West safe #2	1	92BE		3	0	0	0.0	4.0	0	West safe			1		0.0	
1231	M4N Stampeding Thunder: Go East	2	92AB		3	0	1	0.0	4.0	0	East safe			1		0.0	
1231	M4N Stampeding Thunder: Go West	2	92AC		3	0	1	0.0	4.0	0	West safe			1		0.0	
1232	M4S Aetherial Conversion Fire East->West	1	9604		3	0	1	0.0	4.0	0	Later: West Safe then East			1		0.0	
1232	M4S Aetherial Conversion Fire West->East	1	9602		3	0	1	0.0	4.0	0	Later: East Safe then West			1		0.0	
1232	M4S Aetherial Conversion Water East->West	1	9605		3	0	1	0.0	4.0	0	Later: Knockback East then West			1		0.0	
1232	M4S Aetherial Conversion Water West->East	1	9603		3	0	1	0.0	4.0	0	Later: Knockback West then East			1		0.0	
1232	M4S Azure Thunder	1	962F		3	0	0	0.0	4.0	0	Raidwide			1		0.0	
1232	M4S Betwitching Flight #1	1	8DEF		3	0	0	0.0	4.0	0	Avoid Lines			1		0.0	
1232	M4S Betwitching Flight #2	1	9671		3	0	0	0.0	4.0	0	Avoid Lines			1		0.0	
1232	M4S Collider Conductor	3	FA6		0	1	0	0.0	4.0	0	Get Hit by Protean			1		0.0	
1232	M4S Cross Tail Switch	1	95F2		3	0	0	0.0	4.0	0	Multiple Raidwides			1		0.0	
1232	M4S Enrage	1	9632		3	0	1	0.0	4.0	0	Enrage			1		0.0	
1232	M4S Flame Slash	1	9614		3	0	1	0.0	4.0	0	Out of Middle, Arena Splitting			1		0.0	
1232	M4S Proximate Current	3	FA3		0	1	0	0.0	4.0	0	Proximate Current			1		0.0	
1232	M4S Raining Swords: Soak Tower	1	9617		3	0	1	0.0	4.0	0	Soak Tower			1		0.2	
1232	M4S Remote Current	3	FA2		0	1	0	0.0	4.0	0	Remote Current			1		0.0	
1232	M4S Roundhouse Conductor	3	FA5		0	1	0	0.0	4.0	0	Roundhouse - Spread			1		0.0	
1232	M4S Spinning Conductor	3	FA4		0	1	0	0.0	4.0	0	Spinning			1		0.0	
1232	M4S Sword Quiver: Raidwides #1	1	95F9		0	0	1	0.0	4.0	0	Raidwides			1		0.0	
1232	M4S Sword Quiver: Raidwides #2	1	95FA		0	0	1	0.0	4.0	0	Raidwides			1		0.0	
1232	M4S Sword Quiver: Raidwides #3	1	95FB		0	0	1	0.0	4.0	0	Raidwides			1		0.0	
1232	M4S Tail Thrust: Fire East->West	1	9608		3	0	0	0.0	4.0	0	West Safe then East			1		0.0	
1232	M4S Tail Thrust: Fire West->East	1	9606		3	0	0	0.0	4.0	0	East Safe then West			1		0.0	
1232	M4S Tail Thrust: Water East->West	1	9609		3	0	0	0.0	4.0	0	Knockback East then West			1		0.0	
1232	M4S Tail Thrust: Water West->East	1	9607		3	0	0	0.0	4.0	0	Knockback West then East			1		0.0	
1232	M4S Twilight Sabbath: Bait Puddle	1	9630		0	0	1	0.0	4.0	0	Bait Middle			1		0.0	
1232	M4S Wicked Bolt	1	92C2		3	0	1	0.0	4.0	0	Stack, Multiple Hits			1		0.0	
1232	M4S Wicked Jolt	1	95F0		3	0	1	0.0	4.0	0	Tank Buster on {target}			1		0.0	
1232	M4S Wicked Thunder	1	949B		3	0	0	0.0	4.0	0	Raidwide			1		0.0	
1232	M4S Witchgleam: Basic	1	95C6		3	0	1	0.0	4.0	0	Stand on Cardinals, Multiple Hits			1		0.0	
1232	M4S Wrath of Zeus	1	95EF		3	0	0	0.0	4.0	0	Raidwide			1		0.0	
1238	FRU Akh Morn (Stacks)	1	9D37		0	0	1	0.0	4.0	0	Stacks			1		0.0	
1238	FRU Banish III (Buddies)	1	9D1C		3	0	0	0.0	4.0	0	Buddies			1		0.0	
1238	FRU Banish III (Spread)	1	9D1D		3	0	0	0.0	4.0	0	Spread			1		0.0	
1238	FRU Black Halo	1	9D62		3	0	0	0.0	4.0	0	Tankbuster on {target}			1		0.0	
1238	FRU Burnished Glory	1	9CEA		3	0	0	0.0	4.0	0	Raidwide with Bleed			1		0.0	
1238	FRU Crystallize Time: Initial	1	9D30		0	0	1	0.0	4.0	0	Raidwide			1		0.0	
1238	FRU Darklit Dragonsong: Initial	1	9D2F		0	0	1	0.0	4.0	0	Raidwide			1		0.0	
1238	FRU Diamond Dust	1	9D05		3	0	0	0.0	4.0	0	Raidwide			1		0.0	
1238	FRU Endless Ice Age (Intermission)	1	9D43		0	0	1	0.0	4.0	0	Kill Crystals, Bait AoEs			1		0.0	
1238	FRU Fulgent Blade: Initial	1	9D72		0	0	1	0.0	4.0	0	Raidwide			1		0.0	
1238	FRU Hallowed Ray	1	9D12		3	0	1	0.0	4.0	0	Line Stack			1		0.0	
1238	FRU Hell's Judgment	1	9D49		3	0	1	0.0	4.0	0	1 HP			1		0.0	
1238	FRU Light Rampant: Initial	1	9D14		0	0	1	0.0	4.0	0	Raidwide, Light Rampant Positions			1		0.0	
1238	FRU Memory's End	1	9D71		3	0	1	0.0	4.0	0	Enrage			1		0.0	
1238	FRU P1 Enrage	1	9CC0		3	0	1	0.0	4.0	0	Enrage			1		0.0	
1238	FRU P2 Enrage	1	9D20		3	0	0	0.0	4.0	0	Enrage, Knockback			1		0.0	
1238	FRU P3 Enrage	1	9D6C		3	0	0	0.0	4.0	0	Enrage			1		0.0	
1238	FRU P5 Akh Morn	1	9D76		3	0	1	0.0	4.0	0	Stacks			1		0.0	
1238	FRU P5 Enrage	1	9D88		3	0	1	0.0	4.0	0	Enrage			1		0.0	
1238	FRU Pandora's Box	1	9D86		3	0	1	0.0	4.0	0	Tank LB			1		0.0	
1238	FRU Polarizing Strikes	1	9D7C		0	0	1	0.0	4.0	0	Line Stacks			1		0.0	
1238	FRU Powder Mark Trail: Initial	1	9CE8		0	0	2	0.0	4.0	0	Buster on {target}			1		0.0	
1238	FRU Quadruple Slap	1	9CFF		3	0	1	0.0	4.0	0	Buster on {target}			1		0.0	
1238	FRU Shell Crusher	1	9D5E		3	0	1	0.0	4.0	0	Stack			1		0.0	
1238	FRU Shockwave Pulsar	1	9D5A		3	0	0	0.0	4.0	0	Raidwide			1		0.0	
1238	FRU The House of Light	1	9CFD		3	0	0	0.0	4.0	0	Proteans			1		0.0	
1238	FRU Ultimate Relativity: Initial	1	9D4A		0	0	0	0.0	4.0	0	Raidwide			1		0.0	
1257	M5S Celebrate Good Times	1	A723		3	0	0	0.0	4.0	0	Raidwide			1		0.0	
1257	M5S Deep Cut	1	A721		3	0	1	0.0	4.0	0	Tankbuster with Bleed			1		0.0	
1257	M5S Eight Beats	1	A75D		3	0	0	0.0	4.0	0	Spread			1		0.0	
1257	M5S Hi-NRG Fever	1	A779		3	0	1	0.0	4.0	0	Enrage			1		0.0	
1257	M5S Inside Out	1	A77C		0	0	1	0.0	4.0	0	Out then In			1		0.0	
1257	M5S Let's Pose #1	1	A76F		3	0	1	0.0	4.0	0	Raidwide			1		0.0	
1257	M5S Let's Pose #2	1	A770		3	0	0	0.0	4.0	0	Raidwide			1		0.0	
1257	M5S Outside In	1	A77E		0	0	1	0.0	4.0	0	In then Out			1		0.0	
1257	M5S Quarter Beats	1	A75B		3	0	0	0.0	4.0	0	Partners			1		0.0	
1257	M5S Stocking A-Side	1	A780		0	0	0	0.0	4.0	0	A Side Stocked			1		0.0	
1257	M5S Stocking B-Side	1	A781		0	0	0	0.0	4.0	0	B Side Stocked			1		0.0	
1259	M6S Artistic Anarchy (Enrage)	1	A6BD		3	0	1	0.0	4.0	0	Enrage			1		0.0	
1259	M6S Color Clash: Stocking Light Parties	1	A68B		0	0	0	0.0	4.0	0	Light Parties Stocked			1		0.0	
1259	M6S Color Clash: Stocking Partners	1	A68D		0	0	0	0.0	4.0	0	Partners Stocked			1		0.0	
1259	M6S Mousse Mural	1	A6BC		3	0	0	0.0	4.0	0	Raidwide			1		0.0	
1259	M6S Pudding Party	1	A66D		3	0	1	0.0	4.0	0	Multi Stack			1		0.0	
1259	M6S Ready Ore Not	1	A6AA		3	0	0	0.0	4.0	0	Raidwide			1		0.0	
1259	M6S Soul Sugar (Adds)	1	A6A5		3	0	1	0.0	4.0	0	Adds			1		0.0	
1259	M6S Sticky Mousse Cast	1	A695		0	0	0	0.0	4.0	0	Spread			1		0.0	
1261	M7S Brutal Impact	1	A55B		3	0	0	0.0	4.0	0	Multi Hit Raidwide			1		0.0	
1261	M7S Demolition Deathmatch	1	A596		0	0	0	0.0	4.0	0	Tethers near Walls			1		0.0	
1261	M7S Glower Power	1	A585		3	0	1	0.0	4.0	0	Out and Spread			1		0.0	
1261	M7S It Came from the Dirt	1	A57A		3	0	1	0.0	4.0	0	Clocks			1		0.0	
1261	M7S Neo-Bombarian Special	1	A57C		3	0	1	0.0	4.0	0	Go North, Raidwide			1		0.0	
1261	M7S Powerslam	1	A59E		3	0	1	0.0	4.0	0	Big Raidwide			1		0.0	
1261	M7S Pulp Smash	1	A577		3	0	1	0.0	4.0	0	Stack into Clocks			1		0.0	
1261	M7S Quarry Swamp: LoS Gaze	1	A575		3	0	0	0.0	4.0	0	Hide Behind Monster			1		0.0	
1261	M7S Revenge of the Vines	1	A587		3	0	0	0.0	4.0	0	Raidwide			1		0.0	
1261	M7S Slaminator	1	A5AE		3	0	0	0.0	4.0	0	Tower			1		0.0	
1261	M7S Special Bombarian Special (Enrage)	1	A5B1		3	0	1	0.0	4.0	0	Enrage			1		0.0	
1261	M7S Sporeplosion: Initial	1	A58A		0	0	1	0.0	4.0	0	Dodge 3 to 1			1		0.0	
1263	M8S Enrage Tower #1	1	AA02		3	0	0	0.0	4.0	0	Enrage Tower			1		0.0	
1263	M8S Enrage Tower #2	1	A494		3	0	0	0.0	4.0	0	Enrage Tower			1		0.0	
1263	M8S Extraplanar Pursuit	1	A74F		3	0	1	0.0	4.0	0	Raidwide			1		0.0	
1263	M8S Great Divide	1	A3D8		3	0	1	0.0	4.0	0	Tank Buster on {target}			1		0.0	
1263	M8S Millennial Decay	1	A3B2		3	0	0	0.0	4.0	0	Raidwide			1		0.0	
1263	M8S Mooncleaver	1	A466		0	0	1	0.0	4.0	0	Off Platform, Cleave			1		0.0	
1263	M8S Prowling Gale	1	A46E		3	0	1	0.0	4.0	0	Partner Towers			1		0.0	
1263	M8S Quake III	1	A45A		3	0	1	0.0	4.0	0	Stacks			1		0.0	
1263	M8S Ravenous Saber	1	A749		3	0	0	0.0	4.0	0	Multiple Raidwides			1		0.0	
1263	M8S Starcleaver	1	A49E		3	0	1	0.0	4.0	0	Enrage			1		0.0	
1263	M8S Tactical Pack	1	A3C8		0	0	1	0.0	4.0	0	Adds			1		0.0	
1263	M8S Tactical Pack: Pack Predation	1	A3CC		3	0	1	0.0	4.0	0	Cleaves			1		1.0	
1263	M8S Tracking Tremors	1	A3B9		3	0	0	0.0	4.0	0	Multi Stack			1		0.0	
1263	M8S Twinbite	1	A4CD		3	0	0	0.0	4.0	0	Double Tankbuster			1		0.0	
1321	M9S Aetherletting	1	B392		3	1	1	0.0	4.0	0	Marker			1		0.0	
1321	M9S Brutal Rain	1	B35D		3	0	1	0.0	4.0	0	Stacks			1		0.0	
1321	M9S Crowd Kill	1	B33E		3	0	0	0.0	4.0	0	Raidwide			1		0.0	
1321	M9S Dead Wake	1	B367		3	0	1	0.0	4.0	0	Move Away			1		0.0	
1321	M9S Finale Fatale	1	B341		3	0	0	0.0	4.0	0	Raidwide			1		0.0	
1321	M9S Finale Fatale (Enrage)	1	B36E		3	0	1	0.0	4.0	0	Enrage			1		0.0	
1321	M9S Hardcore (Large)	1	B380		3	0	1	0.0	4.0	0	Double Tankbuster, Large			1		0.1	
1321	M9S Hardcore (Small)	1	B37F		3	0	1	0.0	4.0	0	Double Tankbuster			1		0.1	
1321	M9S Insatiable Thirst	1	B344		3	0	0	0.0	4.0	0	Raidwide			1		0.0	
1321	M9S Killer Voice	1	B384		3	0	0	0.0	4.0	0	Raidwide			1		0.0	
1321	M9S Sadistic Screech	1	B333		3	0	0	0.0	4.0	0	Raidwide - Arena Change			1		0.0	
1321	M9S Sanguine Scratch	1	B3A5		3	0	1	0.0	4.0	0	Rotate, Dodge Cleaves			1		5.0	
1321	M9S Ultrasonic Amp	1	B39D		3	0	0	0.0	4.0	0	Stack			1		0.0	
1321	M9S Ultrasonic Spread	1	B39C		3	0	0	0.0	4.0	0	Role Groups			1		0.0	
1321	M9S Undead Deathmatch	1	B3A0		0	0	1	0.0	4.0	0	Tower Groups			1		0.0	
1321	M9S Vamp Stomp #1	1	B34B		3	0	1	0.0	4.0	0	Out, Watch Bats, In			1		0.0	
1321	M9S Vamp Stomp #2	1	B374		3	0	1	0.0	4.0	0	Out, Watch Bats, In			1		0.0	
1323	M10S Cutback Blaze	1	B5C9		3	0	0	0.0	4.0	0	Raidwide then Find Safe Spot			1		0.0	
1323	M10S Deep Aerial: Cast	1	B5E4		0	0	1	0.0	4.0	0	Orb			1		0.0	
1323	M10S Diver's Dare #1	1	B5B8		3	0	0	0.0	4.0	0	Raidwide			1		0.5	
1323	M10S Diver's Dare #2	1	B5B9		3	0	0	0.0	4.0	0	Raidwide			1		0.5	
1323	M10S Freaky Pyro-rotation	1	B596		3	0	1	0.0	4.0	0	Partners			1		0.0	
1323	M10S Hot Impact #1	1	B5B6		3	0	1	0.0	4.0	0	Buster on {target}			1		0.0	
1323	M10S Hot Impact #2	1	B580		3	0	1	0.0	4.0	0	Buster on {target}			1		0.0	
1323	M10S Over the Falls #1	1	B5FC		3	0	1	0.0	4.0	0	Enrage			1		0.2	
1323	M10S Over the Falls #2	1	B5FD		3	0	1	0.0	4.0	0	Enrage			1		0.2	
1323	M10S Snaking	1	B381		0	0	0	0.0	4.0	0	Raidwide			1		0.0	
1323	M10S Steam Burst	1	B5FB		3	0	1	0.0	4.0	0	Avoid Steam Orb			1		1.0	
1323	M10S Xtreme Snaking #1	1	B5AE		0	0	0	0.0	4.0	0	Raidwide			1		0.0	
1323	M10S Xtreme Snaking #2	1	B5AF		0	0	1	0.0	4.0	0	Raidwide			1		0.0	
1323	M10S Xtreme Snaking: Fire	3	12DB		0	1	0	0.0	4.0	0	Fire			1		0.0	
1323	M10S Xtreme Snaking: Water	3	12DC		0	1	0	0.0	4.0	0	Water			1		0.0	
1323	M10S Xtreme Spectacular	1	B5A4		0	0	1	0.0	4.0	0	Out, Multiple Raidwides			1		0.0	
1325	M11S Charybdistopia	1	B425		3	0	0	0.0	4.0	0	1 HP			1		0.0	
1325	M11S Comet	1	B414		3	1	1	0.0	4.0	0	Spread			1		0.0	
1325	M11S Crown of Arcadia	1	B406		3	0	0	0.0	4.0	0	Raidwide			1		0.0	
1325	M11S Crushing Comet	1	B415		3	0	1	0.0	4.0	0	Stack			1		0.0	
1325	M11S Dance of Domination Trophy	1	B7BB		0	0	0	0.0	4.0	0	Multiple Raidwides			1		0.0	
1325	M11S Ecliptic Stampede	1	B452		0	0	1	0.0	4.0	0	Ecliptic Stampede			1		0.0	
1325	M11S Fire and Fury	1	B430		3	0	1	0.0	4.0	0	Sides Safe			1		0.0	
1325	M11S Flatliner	1	BA90		0	0	1	0.0	4.0	0	Raidwide, Knockback			1		0.0	
1325	M11S Great Wall of Fire	1	B42B		3	0	0	0.0	4.0	0	Double Tank Buster			1		0.0	
1325	M11S Heartbreak Kick #1	1	B3FF		3	0	1	0.0	4.0	0	Tower, Multiple Hits			1		0.0	
1325	M11S Heartbreak Kick #2	1	B45D		3	0	0	0.0	4.0	0	Tower, Multiple Hits			1		0.0	
1325	M11S Heartbreaker	1	B462		3	0	1	0.0	4.0	0	Enrage			1		0.0	
1325	M11S Massive Meteor	1	B448		3	0	1	0.0	4.0	0	Stack, Multiple Hits			1		0.0	
1325	M11S One and Only	1	B42A		3	0	1	0.0	4.0	0	Raidwide			1		0.0	
1325	M11S Orbital Omen/Meteorain: Initial	1	B432		0	0	1	0.0	4.0	0	Watch Lasers			1		0.0	
1325	M11S Triple Annihilation	1	B43C		3	0	1	0.0	4.0	0	Hide Behind Meteors			1		0.0	
1325	M11S Void Stardust	1	B412		3	0	0	0.0	4.0	0	Puddles			1		0.0	
1327	M12S Arcadia Aflame	1	B528		3	0	1	0.0	4.0	0	Raidwide			1		0.0	
1327	M12S Arcadian Arcanum	1	B529		3	0	0	0.0	4.0	0	Spread			1		0.0	
1327	M12S Arcadian Hell	1	B533		3	0	0	0.0	4.0	0	Raidwide			1		0.0	
1327	M12S Arcadian Hell (Enrage)	1	B537		3	0	1	0.0	4.0	0	Enrage			1		0.0	
1327	M12S Double Sobat	1	B520		3	0	1	0.0	4.0	0	Tankbuster			1		0.0	
1327	M12S Double Sobat: Second Hit	1	B525		3	0	0	0.0	4.0	0	Tankbuster			1		0.0	
1327	M12S Idyllic Dream	1	B509		0	0	1	0.0	4.0	0	Raidwide			1		0.0	
1327	M12S Lindwurm's Meteor	1	B4F2		3	0	1	0.0	4.0	0	Raidwide			1		0.0	
1327	M12S Refreshing Overkill	1	B538		3	0	1	0.0	4.0	0	Enrage			1		0.0	
1327	M12S Slaughtershed #1	1	B4C3		0	0	1	0.0	4.0	0	Raidwide			1		0.0	
1327	M12S Slaughtershed #2	1	B4C6		0	0	1	0.0	4.0	0	Raidwide			1		0.0	
1327	M12S Snaking Kick	1	B527		3	0	0	0.0	4.0	0	Behind			1		0.0	
1327	M12S Splattershed	1	B9C4		3	0	0	0.0	4.0	0	Raidwide			1		0.0	
1327	M12S The Fixer	1	B4D7		3	0	1	0.0	4.0	0	Raidwide			1		0.0	
